,P [MW],Q [MVAR]
gen_1,1997.9999999936397,521.8654287677715
Slack,-1897.9999999924264,569.9398327295704
